time,score_reddit,score_btt,score,timeFrame,open,cLose,high,low,mid,volume,ticker,tickerId,sourceId,id
2013-09-19,0.16178759354209057,0.09255577930708969,0.1271716864245902,1440,0.0,0.0,0.0,0.0,0.0,0.0,,853,0,610
2013-09-26,0.16178759354209057,0.09255577930708969,0.1271716864245902,1440,0.0,0.0,0.0,0.0,0.0,0.0,,853,0,629
2013-10-03,0.0,0.0,0.0,1440,0.0,0.0,0.0,0.0,0.0,0.0,,853,0,652
2013-10-10,0.16178759354209057,0.09255577930708969,0.1271716864245902,1440,0.0,0.0,0.0,0.0,0.0,0.0,,853,0,672
2013-10-17,0.16178759354209057,0.09255577930708969,0.1271716864245902,1440,0.0,0.0,0.0,0.0,0.0,0.0,,853,0,691
2013-10-24,0.16178759354209057,0.09255577930708969,0.1271716864245902,1440,0.0,0.0,0.0,0.0,0.0,0.0,,853,0,714
2013-10-31,0.16178759354209057,0.09255577930708969,0.1271716864245902,1440,0.0,0.0,0.0,0.0,0.0,0.0,,853,0,733
2013-11-07,0.16178759354209057,0.09255577930708969,0.1271716864245902,1440,0.0,0.0,0.0,0.0,0.0,0.0,,853,0,754
2013-11-14,0.16178759354209057,0.09255577930708969,0.1271716864245902,1440,0.0,0.0,0.0,0.0,0.0,0.0,,853,0,775
2013-11-21,0.16178759354209057,0.09255577930708969,0.1271716864245902,1440,0.0,0.0,0.0,0.0,0.0,0.0,,853,0,796
2013-11-28,0.16178759354209057,0.09255577930708969,0.1271716864245902,1440,0.0,0.0,0.0,0.0,0.0,0.0,,853,0,818
2013-12-05,0.16178759354209057,0.09255577930708969,0.1271716864245902,1440,0.0,0.0,0.0,0.0,0.0,0.0,,853,0,839
2013-12-12,0.16178759354209057,0.09255577930708969,0.1271716864245902,1440,0.0,0.0,0.0,0.0,0.0,0.0,,853,0,860
2013-12-19,-0.3736,0.0,-0.1868,1440,0.0,0.0,0.0,0.0,0.0,0.0,,853,0,881
2013-12-26,-0.08835,0.0,-0.044175,1440,0.0,0.0,0.0,0.0,0.0,0.0,,853,0,900
2014-01-02,0.16178759354209057,0.09255577930708969,0.1271716864245902,1440,0.0,0.0,0.0,0.0,0.0,0.0,,853,0,922
2014-01-09,0.16178759354209057,0.09255577930708969,0.1271716864245902,1440,0.0,0.0,0.0,0.0,0.0,0.0,,853,0,943
2014-01-16,0.16178759354209057,0.09255577930708969,0.1271716864245902,1440,0.0,0.0,0.0,0.0,0.0,0.0,,853,0,964
2014-01-23,0.16178759354209057,0.09255577930708969,0.1271716864245902,1440,0.0,0.0,0.0,0.0,0.0,0.0,,853,0,985
2014-01-30,0.3321625,0.0,0.16608125,1440,0.0,0.0,0.0,0.0,0.0,0.0,,853,0,1006
2014-02-06,0.9298,0.0,0.4649,1440,0.0,0.0,0.0,0.0,0.0,0.0,,853,0,1026
2014-02-13,0.16178759354209057,0.09255577930708969,0.1271716864245902,1440,0.0,0.0,0.0,0.0,0.0,0.0,,853,0,1047
2014-02-20,0.16178759354209057,0.09255577930708969,0.1271716864245902,1440,0.0,0.0,0.0,0.0,0.0,0.0,,853,0,1068
2014-02-27,-0.4874,0.0,-0.2437,1440,0.0,0.0,0.0,0.0,0.0,0.0,,853,0,1087
2014-03-06,0.09953999999999999,0.5477399999999999,0.32364,1440,0.0,0.0,0.0,0.0,0.0,0.0,,853,0,1110
2014-03-13,0.3124,0.0,0.1562,1440,0.0,0.0,0.0,0.0,0.0,0.0,,853,0,1130
2014-03-20,0.16178759354209057,0.09255577930708969,0.1271716864245902,1440,0.0,0.0,0.0,0.0,0.0,0.0,,853,0,1150
2014-03-27,0.16178759354209057,0.09255577930708969,0.1271716864245902,1440,0.0,0.0,0.0,0.0,0.0,0.0,,853,0,1173
2014-04-03,0.9277,0.0,0.46385,1440,0.0,0.0,0.0,0.0,0.0,0.0,,853,0,1193
2014-04-10,0.2913,0.35885,0.325075,1440,0.0,0.0,0.0,0.0,0.0,0.0,,853,0,1215
2014-04-17,0.0,-0.4724,-0.2362,1440,0.0,0.0,0.0,0.0,0.0,0.0,,853,0,1238
2014-04-24,0.0388,0.06337857142857145,0.051089285714285726,1440,0.0,0.0,0.0,0.0,0.0,0.0,,853,0,1257
2014-05-01,0.0,0.06275,0.031375,1440,0.0,0.0,0.0,0.0,0.0,0.0,,853,0,1278
2014-05-08,0.16178759354209057,0.09255577930708969,0.1271716864245902,1440,0.0,0.0,0.0,0.0,0.0,0.0,,853,0,1299
2014-05-15,0.0516,0.0,0.0258,1440,0.0,0.0,0.0,0.0,0.0,0.0,,853,0,1322
2014-05-22,0.16178759354209057,0.09255577930708969,0.1271716864245902,1440,0.0,0.0,0.0,0.0,0.0,0.0,,853,0,1342
2014-05-29,0.16178759354209057,0.09255577930708969,0.1271716864245902,1440,0.0,0.0,0.0,0.0,0.0,0.0,,853,0,1364
2014-06-05,0.16178759354209057,0.09255577930708969,0.1271716864245902,1440,0.0,0.0,0.0,0.0,0.0,0.0,,853,0,1384
2014-06-12,0.0,0.9728,0.4864,1440,0.0,0.0,0.0,0.0,0.0,0.0,,853,0,1404
2014-06-19,0.0,0.3010366666666667,0.15051833333333334,1440,0.0,0.0,0.0,0.0,0.0,0.0,,853,0,1425
2014-06-26,0.0,-0.5864,-0.2932,1440,0.0,0.0,0.0,0.0,0.0,0.0,,853,0,1446
2014-07-03,0.0,0.12838125,0.064190625,1440,0.0,0.0,0.0,0.0,0.0,0.0,,853,0,1469
2014-07-10,0.168,0.0,0.084,1440,0.0,0.0,0.0,0.0,0.0,0.0,,853,0,1490
2014-07-17,0.16178759354209057,0.09255577930708969,0.1271716864245902,1440,0.0,0.0,0.0,0.0,0.0,0.0,,853,0,1510
2014-07-24,0.16178759354209057,0.09255577930708969,0.1271716864245902,1440,0.0,0.0,0.0,0.0,0.0,0.0,,853,0,1530
2014-07-31,0.16178759354209057,0.09255577930708969,0.1271716864245902,1440,0.0,0.0,0.0,0.0,0.0,0.0,,853,0,1552
2014-08-07,0.0,0.04325,0.021625,1440,0.0,0.0,0.0,0.0,0.0,0.0,,853,0,1572
2014-08-14,0.16178759354209057,0.09255577930708969,0.1271716864245902,1440,0.0,0.0,0.0,0.0,0.0,0.0,,853,0,1593
2014-08-21,0.16178759354209057,0.09255577930708969,0.1271716864245902,1440,0.0,0.0,0.0,0.0,0.0,0.0,,853,0,1614
2014-08-28,0.16178759354209057,0.09255577930708969,0.1271716864245902,1440,0.0,0.0,0.0,0.0,0.0,0.0,,853,0,1636
2014-09-04,0.0,0.6495500000000001,0.32477500000000004,1440,0.0,0.0,0.0,0.0,0.0,0.0,,853,0,1658
2014-09-11,-0.6819,0.0,-0.34095,1440,0.0,0.0,0.0,0.0,0.0,0.0,,853,0,1679
2014-09-18,0.16178759354209057,0.09255577930708969,0.1271716864245902,1440,0.0,0.0,0.0,0.0,0.0,0.0,,853,0,1699
2014-09-25,0.16178759354209057,0.09255577930708969,0.1271716864245902,1440,0.0,0.0,0.0,0.0,0.0,0.0,,853,0,1719
2014-10-02,0.16178759354209057,0.09255577930708969,0.1271716864245902,1440,0.0,0.0,0.0,0.0,0.0,0.0,,853,0,1741
2014-10-09,0.0,-0.5255,-0.26275,1440,0.0,0.0,0.0,0.0,0.0,0.0,,853,0,1761
2014-10-16,0.7485,0.0,0.37425,1440,0.0,0.0,0.0,0.0,0.0,0.0,,853,0,1782
2014-10-23,0.16178759354209057,0.09255577930708969,0.1271716864245902,1440,0.0,0.0,0.0,0.0,0.0,0.0,,853,0,1802
2014-10-30,0.16178759354209057,0.09255577930708969,0.1271716864245902,1440,0.0,0.0,0.0,0.0,0.0,0.0,,853,0,1824
2014-11-06,0.16178759354209057,0.09255577930708969,0.1271716864245902,1440,0.0,0.0,0.0,0.0,0.0,0.0,,853,0,1845
2014-11-13,0.16178759354209057,0.09255577930708969,0.1271716864245902,1440,0.0,0.0,0.0,0.0,0.0,0.0,,853,0,1866
2014-11-20,0.16178759354209057,0.09255577930708969,0.1271716864245902,1440,0.0,0.0,0.0,0.0,0.0,0.0,,853,0,1888
2014-11-27,0.16178759354209057,0.09255577930708969,0.1271716864245902,1440,0.0,0.0,0.0,0.0,0.0,0.0,,853,0,1909
2014-12-04,0.16178759354209057,0.09255577930708969,0.1271716864245902,1440,0.0,0.0,0.0,0.0,0.0,0.0,,853,0,1930
2014-12-11,0.16178759354209057,0.09255577930708969,0.1271716864245902,1440,0.0,0.0,0.0,0.0,0.0,0.0,,853,0,1949
2014-12-18,0.296,0.0,0.148,1440,0.0,0.0,0.0,0.0,0.0,0.0,,853,0,1971
2014-12-25,0.0,-0.3072375,-0.15361875,1440,0.0,0.0,0.0,0.0,0.0,0.0,,853,0,1993
2015-01-01,0.16178759354209057,0.09255577930708969,0.1271716864245902,1440,0.0,0.0,0.0,0.0,0.0,0.0,,853,0,2013
2015-01-08,0.16178759354209057,0.09255577930708969,0.1271716864245902,1440,0.0,0.0,0.0,0.0,0.0,0.0,,853,0,2033
2015-01-15,0.16178759354209057,0.09255577930708969,0.1271716864245902,1440,0.0,0.0,0.0,0.0,0.0,0.0,,853,0,2056
2015-01-22,0.16178759354209057,0.09255577930708969,0.1271716864245902,1440,0.0,0.0,0.0,0.0,0.0,0.0,,853,0,2075
2015-01-29,0.16178759354209057,0.09255577930708969,0.1271716864245902,1440,0.0,0.0,0.0,0.0,0.0,0.0,,853,0,2098
2015-02-05,0.16178759354209057,0.09255577930708969,0.1271716864245902,1440,0.0,0.0,0.0,0.0,0.0,0.0,,853,0,2119
2015-02-12,0.16178759354209057,0.09255577930708969,0.1271716864245902,1440,0.0,0.0,0.0,0.0,0.0,0.0,,853,0,2140
2015-02-19,0.16178759354209057,0.09255577930708969,0.1271716864245902,1440,0.0,0.0,0.0,0.0,0.0,0.0,,853,0,2161
2015-02-26,0.16178759354209057,0.09255577930708969,0.1271716864245902,1440,0.0,0.0,0.0,0.0,0.0,0.0,,853,0,2181
2015-03-05,0.16178759354209057,0.09255577930708969,0.1271716864245902,1440,0.0,0.0,0.0,0.0,0.0,0.0,,853,0,2201
2015-03-12,0.3265,0.0,0.16325,1440,0.0,0.0,0.0,0.0,0.0,0.0,,853,0,2224
2015-03-19,0.16178759354209057,0.09255577930708969,0.1271716864245902,1440,0.0,0.0,0.0,0.0,0.0,0.0,,853,0,2245
2015-03-26,0.16178759354209057,0.09255577930708969,0.1271716864245902,1440,0.0,0.0,0.0,0.0,0.0,0.0,,853,0,2266
2015-04-02,0.16178759354209057,0.09255577930708969,0.1271716864245902,1440,0.0,0.0,0.0,0.0,0.0,0.0,,853,0,2287
2015-04-09,0.16178759354209057,0.09255577930708969,0.1271716864245902,1440,0.0,0.0,0.0,0.0,0.0,0.0,,853,0,2310
2015-04-16,0.16178759354209057,0.09255577930708969,0.1271716864245902,1440,0.0,0.0,0.0,0.0,0.0,0.0,,853,0,2330
2015-04-23,0.16178759354209057,0.09255577930708969,0.1271716864245902,1440,0.0,0.0,0.0,0.0,0.0,0.0,,853,0,2350
2015-04-30,0.4939,0.0,0.24695,1440,0.0,0.0,0.0,0.0,0.0,0.0,,853,0,2372
2015-05-07,0.16178759354209057,0.09255577930708969,0.1271716864245902,1440,0.0,0.0,0.0,0.0,0.0,0.0,,853,0,2393
2015-05-14,0.16178759354209057,0.09255577930708969,0.1271716864245902,1440,0.0,0.0,0.0,0.0,0.0,0.0,,853,0,2415
2015-05-21,0.16178759354209057,0.09255577930708969,0.1271716864245902,1440,0.0,0.0,0.0,0.0,0.0,0.0,,853,0,2435
2015-05-28,0.16178759354209057,0.09255577930708969,0.1271716864245902,1440,0.0,0.0,0.0,0.0,0.0,0.0,,853,0,2455
2015-06-04,0.0,0.40022857142857143,0.20011428571428572,1440,0.0,0.0,0.0,0.0,0.0,0.0,,853,0,2476
2015-06-11,0.0,0.22784,0.11392,1440,0.0,0.0,0.0,0.0,0.0,0.0,,853,0,2497
2015-06-18,0.156225,0.10519999999999999,0.1307125,1440,0.0,0.0,0.0,0.0,0.0,0.0,,853,0,2518
2015-06-25,0.16178759354209057,0.09255577930708969,0.1271716864245902,1440,0.0,0.0,0.0,0.0,0.0,0.0,,853,0,2538
2015-07-02,0.1633,0.0,0.08165,1440,0.0,0.0,0.0,0.0,0.0,0.0,,853,0,2559
2015-07-09,0.16178759354209057,0.09255577930708969,0.1271716864245902,1440,0.0,0.0,0.0,0.0,0.0,0.0,,853,0,2582
2015-07-16,0.16178759354209057,0.09255577930708969,0.1271716864245902,1440,0.0,0.0,0.0,0.0,0.0,0.0,,853,0,2603
2015-07-23,0.16178759354209057,0.09255577930708969,0.1271716864245902,1440,0.0,0.0,0.0,0.0,0.0,0.0,,853,0,2624
2015-07-30,0.0,0.0,0.0,1440,0.0,0.0,0.0,0.0,0.0,0.0,,853,0,2645
2015-08-06,0.16178759354209057,0.09255577930708969,0.1271716864245902,1440,0.0,0.0,0.0,0.0,0.0,0.0,,853,0,2664
2015-08-13,0.0314,0.0,0.0157,1440,0.0,0.0,0.0,0.0,0.0,0.0,,853,0,2686
2015-08-20,-0.9986,0.0,-0.4993,1440,0.0,0.0,0.0,0.0,0.0,0.0,,853,0,2706
2015-08-27,0.16178759354209057,0.09255577930708969,0.1271716864245902,1440,0.0,0.0,0.0,0.0,0.0,0.0,,853,0,2728
2015-09-03,0.16178759354209057,0.09255577930708969,0.1271716864245902,1440,0.0,0.0,0.0,0.0,0.0,0.0,,853,0,2749
2015-09-10,0.16178759354209057,0.09255577930708969,0.1271716864245902,1440,0.0,0.0,0.0,0.0,0.0,0.0,,853,0,2771
2015-09-17,0.16178759354209057,0.09255577930708969,0.1271716864245902,1440,0.0,0.0,0.0,0.0,0.0,0.0,,853,0,2791
2015-09-24,-0.9315,0.0,-0.46575,1440,0.0,0.0,0.0,0.0,0.0,0.0,,853,0,2815
2015-10-01,0.16178759354209057,0.09255577930708969,0.1271716864245902,1440,0.0,0.0,0.0,0.0,0.0,0.0,,853,0,2835
2015-10-08,0.0,0.0,0.0,1440,0.0,0.0,0.0,0.0,0.0,0.0,,853,0,2857
2015-10-15,0.16178759354209057,0.09255577930708969,0.1271716864245902,1440,0.0,0.0,0.0,0.0,0.0,0.0,,853,0,2877
2015-10-22,0.16178759354209057,0.09255577930708969,0.1271716864245902,1440,0.0,0.0,0.0,0.0,0.0,0.0,,853,0,2897
2015-10-29,0.0,0.48499000000000003,0.24249500000000002,1440,0.0,0.0,0.0,0.0,0.0,0.0,,853,0,2920
2015-11-05,0.16178759354209057,0.09255577930708969,0.1271716864245902,1440,0.0,0.0,0.0,0.0,0.0,0.0,,853,0,2941
2015-11-12,0.16178759354209057,0.09255577930708969,0.1271716864245902,1440,0.0,0.0,0.0,0.0,0.0,0.0,,853,0,2962
2015-11-19,0.16178759354209057,0.09255577930708969,0.1271716864245902,1440,0.0,0.0,0.0,0.0,0.0,0.0,,853,0,2983
2015-11-26,0.16178759354209057,0.09255577930708969,0.1271716864245902,1440,0.0,0.0,0.0,0.0,0.0,0.0,,853,0,3004
2015-12-03,0.0,0.3385833333333333,0.16929166666666665,1440,0.0,0.0,0.0,0.0,0.0,0.0,,853,0,3023
2015-12-10,0.07943333333333331,0.0,0.03971666666666666,1440,0.0,0.0,0.0,0.0,0.0,0.0,,853,0,3044
2015-12-17,0.24928181818181816,-0.04229545454545454,0.10349318181818182,1440,0.0,0.0,0.0,0.0,0.0,0.0,,853,0,3065
2015-12-24,-0.06676,0.08003,0.006635000000000002,1440,0.0,0.0,0.0,0.0,0.0,0.0,,853,0,3087
2015-12-31,0.16178759354209057,0.09255577930708969,0.1271716864245902,1440,0.0,0.0,0.0,0.0,0.0,0.0,,853,0,3107
2016-01-07,0.0,0.0,0.0,1440,0.0,0.0,0.0,0.0,0.0,0.0,,853,0,3129
2016-01-14,0.5267,0.0,0.26335,1440,0.0,0.0,0.0,0.0,0.0,0.0,,853,0,3149
2016-01-21,-0.9746,0.0,-0.4873,1440,0.0,0.0,0.0,0.0,0.0,0.0,,853,0,3170
2016-01-28,0.16178759354209057,0.09255577930708969,0.1271716864245902,1440,0.0,0.0,0.0,0.0,0.0,0.0,,853,0,3191
2016-02-04,0.2444,0.0,0.1222,1440,0.0,0.0,0.0,0.0,0.0,0.0,,853,0,3212
2016-02-11,0.0,0.0,0.0,1440,0.0,0.0,0.0,0.0,0.0,0.0,,853,0,3233
2016-02-18,0.16178759354209057,0.09255577930708969,0.1271716864245902,1440,0.0,0.0,0.0,0.0,0.0,0.0,,853,0,3254
2016-02-25,0.16178759354209057,0.09255577930708969,0.1271716864245902,1440,0.0,0.0,0.0,0.0,0.0,0.0,,853,0,3276
2016-03-03,0.16178759354209057,0.09255577930708969,0.1271716864245902,1440,0.0,0.0,0.0,0.0,0.0,0.0,,853,0,3297
2016-03-10,0.16178759354209057,0.09255577930708969,0.1271716864245902,1440,0.0,0.0,0.0,0.0,0.0,0.0,,853,0,3317
2016-03-17,0.6353,0.0,0.31765,1440,0.0,0.0,0.0,0.0,0.0,0.0,,853,0,3338
2016-03-24,0.16178759354209057,0.09255577930708969,0.1271716864245902,1440,0.0,0.0,0.0,0.0,0.0,0.0,,853,0,3360
2016-03-31,0.16178759354209057,0.09255577930708969,0.1271716864245902,1440,0.0,0.0,0.0,0.0,0.0,0.0,,853,0,3381
2016-04-07,0.16178759354209057,0.09255577930708969,0.1271716864245902,1440,0.0,0.0,0.0,0.0,0.0,0.0,,853,0,3402
2016-04-14,0.16178759354209057,0.09255577930708969,0.1271716864245902,1440,0.0,0.0,0.0,0.0,0.0,0.0,,853,0,3423
2016-04-21,0.16178759354209057,0.09255577930708969,0.1271716864245902,1440,0.0,0.0,0.0,0.0,0.0,0.0,,853,0,3443
2016-04-28,0.16178759354209057,0.09255577930708969,0.1271716864245902,1440,0.0,0.0,0.0,0.0,0.0,0.0,,853,0,3466
2016-05-05,0.16178759354209057,0.09255577930708969,0.1271716864245902,1440,0.0,0.0,0.0,0.0,0.0,0.0,,853,0,3486
2016-05-12,0.16178759354209057,0.09255577930708969,0.1271716864245902,1440,0.0,0.0,0.0,0.0,0.0,0.0,,853,0,3507
2016-05-19,0.16178759354209057,0.09255577930708969,0.1271716864245902,1440,0.0,0.0,0.0,0.0,0.0,0.0,,853,0,3528
2016-05-26,0.16178759354209057,0.09255577930708969,0.1271716864245902,1440,0.0,0.0,0.0,0.0,0.0,0.0,,853,0,3549
2016-06-02,0.16178759354209057,0.09255577930708969,0.1271716864245902,1440,0.0,0.0,0.0,0.0,0.0,0.0,,853,0,3572
2016-06-09,0.16178759354209057,0.09255577930708969,0.1271716864245902,1440,0.0,0.0,0.0,0.0,0.0,0.0,,853,0,3593
2016-06-16,0.16178759354209057,0.09255577930708969,0.1271716864245902,1440,0.0,0.0,0.0,0.0,0.0,0.0,,853,0,3614
2016-06-23,0.16178759354209057,0.09255577930708969,0.1271716864245902,1440,0.0,0.0,0.0,0.0,0.0,0.0,,853,0,3636
2016-06-30,0.11455,0.0,0.057275,1440,0.0,0.0,0.0,0.0,0.0,0.0,,853,0,3657
2016-07-07,0.0,-0.45325,-0.226625,1440,0.0,0.0,0.0,0.0,0.0,0.0,,853,0,3679
2016-07-14,0.0,0.9186,0.4593,1440,0.0,0.0,0.0,0.0,0.0,0.0,,853,0,3700
2016-07-21,0.0,0.4989,0.24945,1440,0.0,0.0,0.0,0.0,0.0,0.0,,853,0,3720
2016-07-28,0.16178759354209057,0.09255577930708969,0.1271716864245902,1440,0.0,0.0,0.0,0.0,0.0,0.0,,853,0,3744
2016-08-04,0.08333333333333333,0.6017333333333333,0.3425333333333333,1440,0.0,0.0,0.0,0.0,0.0,0.0,,853,0,3765
2016-08-11,0.16178759354209057,0.09255577930708969,0.1271716864245902,1440,0.0,0.0,0.0,0.0,0.0,0.0,,853,0,3786
2016-08-18,0.0,-0.431,-0.2155,1440,0.0,0.0,0.0,0.0,0.0,0.0,,853,0,3807
2016-08-25,0.16178759354209057,0.09255577930708969,0.1271716864245902,1440,0.0,0.0,0.0,0.0,0.0,0.0,,853,0,3829
2016-09-01,0.16178759354209057,0.09255577930708969,0.1271716864245902,1440,0.0,0.0,0.0,0.0,0.0,0.0,,853,0,3850
2016-09-08,0.16178759354209057,0.09255577930708969,0.1271716864245902,1440,0.0,0.0,0.0,0.0,0.0,0.0,,853,0,3873
2016-09-15,0.16178759354209057,0.09255577930708969,0.1271716864245902,1440,0.0,0.0,0.0,0.0,0.0,0.0,,853,0,3893
2016-09-22,0.16178759354209057,0.09255577930708969,0.1271716864245902,1440,0.0,0.0,0.0,0.0,0.0,0.0,,853,0,3914
2016-09-29,0.16178759354209057,0.09255577930708969,0.1271716864245902,1440,0.0,0.0,0.0,0.0,0.0,0.0,,853,0,3936
2016-10-06,0.16178759354209057,0.09255577930708969,0.1271716864245902,1440,0.0,0.0,0.0,0.0,0.0,0.0,,853,0,3956
2016-10-13,0.0,0.3424,0.1712,1440,0.0,0.0,0.0,0.0,0.0,0.0,,853,0,3977
2016-10-20,0.0,0.3907666666666667,0.19538333333333335,1440,0.0,0.0,0.0,0.0,0.0,0.0,,853,0,3997
2016-10-27,0.0,0.7717,0.38585,1440,0.0,0.0,0.0,0.0,0.0,0.0,,853,0,4018
2016-11-03,0.0,0.0,0.0,1440,0.0,0.0,0.0,0.0,0.0,0.0,,853,0,4040
2016-11-10,0.16178759354209057,0.09255577930708969,0.1271716864245902,1440,0.0,0.0,0.0,0.0,0.0,0.0,,853,0,4061
2016-11-17,0.7783,0.0,0.38915,1440,0.0,0.0,0.0,0.0,0.0,0.0,,853,0,4082
2016-11-24,0.0,0.4786,0.2393,1440,0.0,0.0,0.0,0.0,0.0,0.0,,853,0,4103
2016-12-01,0.0,0.1468,0.0734,1440,0.0,0.0,0.0,0.0,0.0,0.0,,853,0,4124
2016-12-08,0.16178759354209057,0.09255577930708969,0.1271716864245902,1440,0.0,0.0,0.0,0.0,0.0,0.0,,853,0,4146
2016-12-15,0.16178759354209057,0.09255577930708969,0.1271716864245902,1440,0.0,0.0,0.0,0.0,0.0,0.0,,853,0,4166
2016-12-22,0.16178759354209057,0.09255577930708969,0.1271716864245902,1440,0.0,0.0,0.0,0.0,0.0,0.0,,853,0,4187
2016-12-29,0.16178759354209057,0.09255577930708969,0.1271716864245902,1440,0.0,0.0,0.0,0.0,0.0,0.0,,853,0,4208
2017-01-05,0.16178759354209057,0.09255577930708969,0.1271716864245902,1440,0.0,0.0,0.0,0.0,0.0,0.0,,853,0,4229
2017-01-12,0.16178759354209057,0.09255577930708969,0.1271716864245902,1440,0.0,0.0,0.0,0.0,0.0,0.0,,853,0,4250
2017-01-19,0.0,0.0,0.0,1440,0.0,0.0,0.0,0.0,0.0,0.0,,853,0,4271
2017-01-26,0.16178759354209057,0.09255577930708969,0.1271716864245902,1440,0.0,0.0,0.0,0.0,0.0,0.0,,853,0,4292
2017-02-02,0.0,0.0,0.0,1440,0.0,0.0,0.0,0.0,0.0,0.0,,853,0,4311
2017-02-09,0.2087,0.0,0.10435,1440,0.0,0.0,0.0,0.0,0.0,0.0,,853,0,4332
2017-02-16,0.16178759354209057,0.09255577930708969,0.1271716864245902,1440,0.0,0.0,0.0,0.0,0.0,0.0,,853,0,4354
2017-02-23,0.16178759354209057,0.09255577930708969,0.1271716864245902,1440,0.0,0.0,0.0,0.0,0.0,0.0,,853,0,4374
2017-03-02,0.16178759354209057,0.09255577930708969,0.1271716864245902,1440,0.0,0.0,0.0,0.0,0.0,0.0,,853,0,4395
2017-03-09,0.16178759354209057,0.09255577930708969,0.1271716864245902,1440,0.0,0.0,0.0,0.0,0.0,0.0,,853,0,4416
2017-03-16,-0.2901666666666667,0.0,-0.14508333333333334,1440,0.0,0.0,0.0,0.0,0.0,0.0,,853,0,4436
2017-03-23,0.625166666666667,0.0,0.3125833333333335,1440,0.0,0.0,0.0,0.0,0.0,0.0,,853,0,4458
2017-03-30,0.0,0.2942,0.1471,1440,0.0,0.0,0.0,0.0,0.0,0.0,,853,0,4481
2017-04-06,0.968,0.0,0.484,1440,0.0,0.0,0.0,0.0,0.0,0.0,,853,0,4501
2017-04-13,0.0,-0.4996333333333334,-0.2498166666666667,1440,0.0,0.0,0.0,0.0,0.0,0.0,,853,0,4522
2017-04-20,0.976,0.0,0.488,1440,0.0,0.0,0.0,0.0,0.0,0.0,,853,0,4544
2017-04-27,-0.14083333333333334,0.0,-0.07041666666666667,1440,0.0,0.0,0.0,0.0,0.0,0.0,,853,0,4564
2017-05-04,0.0,0.0,0.0,1440,0.0,0.0,0.0,0.0,0.0,0.0,,853,0,4586
2017-05-11,0.16178759354209057,0.09255577930708969,0.1271716864245902,1440,0.0,0.0,0.0,0.0,0.0,0.0,,853,0,4607
2017-05-18,0.16178759354209057,0.09255577930708969,0.1271716864245902,1440,0.0,0.0,0.0,0.0,0.0,0.0,,853,0,4626
2017-05-25,-0.104225,0.0,-0.0521125,1440,0.0,0.0,0.0,0.0,0.0,0.0,,853,0,4648
2017-06-01,-0.2243,0.0,-0.11215,1440,0.0,0.0,0.0,0.0,0.0,0.0,,853,0,4668
2017-06-08,0.9426,0.0,0.4713,1440,0.0,0.0,0.0,0.0,0.0,0.0,,853,0,4690
2017-06-15,0.8662,0.0,0.4331,1440,0.0,0.0,0.0,0.0,0.0,0.0,,853,0,4712
2017-06-22,0.16178759354209057,0.09255577930708969,0.1271716864245902,1440,0.0,0.0,0.0,0.0,0.0,0.0,,853,0,4732
2017-06-29,0.16178759354209057,0.09255577930708969,0.1271716864245902,1440,0.0,0.0,0.0,0.0,0.0,0.0,,853,0,4754
2017-07-06,0.16178759354209057,0.09255577930708969,0.1271716864245902,1440,0.0,0.0,0.0,0.0,0.0,0.0,,853,0,4774
2017-07-13,0.05588999999999998,0.0,0.02794499999999999,1440,0.0,0.0,0.0,0.0,0.0,0.0,,853,0,4795
2017-07-20,0.16405114125457873,0.0,0.08202557062728937,1440,0.0,0.0,0.0,0.0,0.0,0.0,,853,0,4815
2017-07-27,0.17910171360901023,0.04946910886708974,0.11428541123805004,1440,0.0,0.0,0.0,0.0,0.0,0.0,,853,0,4835
2017-08-03,0.26778730592826433,0.17434358926601654,0.22106544759714047,1440,551.59,405.92,635.73,381.08,493.58,92856.1,,853,0,4856
2017-08-10,0.19753955225161005,0.07415914634146342,0.1358493492965368,1440,301.17,274.48,312.53,268.44,289.155,90794.01,,853,0,4877
2017-08-17,0.07261745278638866,0.13231841847133735,0.10246793562886296,1440,299.68,445.19,449.75,292.4,371.755,190744.55,,853,0,4898
2017-08-24,0.052070361865902345,0.11894287132044663,0.08550661659317445,1440,674.08,619.83,701.11,601.6,649.155,74455.2,,853,0,4920
2017-08-31,0.20658206349380867,0.1232251759508835,0.1649036197223461,1440,580.34,592.59,609.23,570.5,588.165,47178.07,,853,0,4942
2017-09-07,0.16373991641905103,0.17345919108669108,0.168599553752871,1440,647.64,667.56,718.92,604.32,659.61,105468.99,,853,0,4963
2017-09-14,0.1440899634920636,0.0667029222222222,0.10539644285714289,1440,506.49,386.49,515.58,385.45,448.5025,98635.73,,853,0,4983
2017-09-21,0.11266436571091747,0.06264377394636016,0.08765406982863877,1440,477.25,416.13,484.72,413.8,447.975,76159.01,,853,0,5004
2017-09-28,0.12806895433824322,0.054541666666666655,0.09130531050245491,1440,464.14,458.15,481.59,442.15,461.5075,74325.45,,853,0,5025
2017-10-05,0.12418029037241479,0.05534013888888889,0.08976021463065181,1440,355.75,354.4,368.14,343.72,355.5025,107627.58,,853,0,5045
2017-10-12,0.1643542721915476,0.13125833998669328,0.14780630608912043,1440,314.21,310.56,331.11,306.25,315.5325,101049.2,,853,0,5067
2017-10-19,0.09428312785867331,0.10040994949494954,0.09734653867681137,1440,338.77,329.66,339.0,323.81,332.81,54347.94,,853,0,5089
2017-10-26,0.12887388464952373,0.0974681362083039,0.11317101042891377,1440,329.31,335.68,350.73,325.66,335.345,70179.03,,853,0,5108
2017-11-02,0.192098297122539,0.14952840986394553,0.1708133534932423,1440,530.24,562.79,593.68,492.39,544.775,314670.88,,853,0,5130
2017-11-09,0.10027112591667411,0.1527287912383691,0.1264999585775217,1440,617.0,650.09,675.39,612.32,638.7,138517.84,,853,0,5152
2017-11-16,0.21630601731319954,0.18475308694787934,0.2005295521305395,1440,1185.84,896.51,1193.4,873.44,1037.2975,196969.98,,853,0,5172
2017-11-23,0.22182818532844722,0.1983487509741658,0.21008846815130655,1440,1297.83,1662.21,1663.3,1293.66,1479.25,201412.14,,853,0,5192
2017-11-30,0.1790672391331291,0.28925204227453466,0.23415964070383208,1440,1333.52,1318.42,1415.75,1174.84,1310.6325,116177.53,,853,0,5214
2017-12-07,0.20709131988464569,0.17114282407407408,0.18911707197935984,1440,1349.74,1230.0,1363.09,1217.38,1290.0525,123812.84,,853,0,5236
2017-12-14,0.23094321593253575,0.1819632285891525,0.2064532222608441,1440,1572.91,1933.27,2053.26,1561.3,1780.185,220803.74,,853,0,5256
2017-12-21,0.15464523383630638,0.15231086683240697,0.15347805033435655,1440,3715.91,3084.09,3717.55,2857.3,3343.7125,242943.03,,853,0,5277
2017-12-28,0.19643916752355384,0.040442338883338896,0.11844075320344635,1440,2710.64,2484.96,2727.03,2291.94,2553.6425,79023.66,,853,0,5298
2018-01-04,0.19007095162699844,0.13495526927437643,0.1625131104506873,1440,2556.37,2355.78,2558.9,2315.7,2446.6875,69356.28,,853,0,5319
2018-01-11,0.2072189823811013,0.17892736467079517,0.19307317352594824,1440,2856.94,2437.92,2952.68,2341.77,2647.3275,144720.16,,853,0,5340
2018-01-18,0.18364157330380065,0.17883342135642133,0.18123749733011096,1440,1748.8,1708.87,1881.06,1681.82,1755.1375,77029.25,,853,0,5361
2018-01-25,0.1661293383661328,0.16833852054727821,0.1672339294567056,1440,1653.46,1632.11,1699.85,1601.02,1646.61,31327.58,,853,0,5382
2018-02-01,0.21761875587976234,0.06789384199134199,0.14275629893555214,1440,1487.18,1267.99,1497.56,1205.35,1364.52,82606.34,,853,0,5403
2018-02-08,0.17449730077190695,0.04505034246575342,0.10977382161883018,1440,954.81,1280.55,1355.15,947.53,1134.51,175942.65,,853,0,5424
2018-02-15,0.2596305603575968,0.04968828918322296,0.1546594247704098,1440,1353.19,1359.47,1392.66,1310.22,1353.885,60927.45,,853,0,5444
2018-02-22,0.23509524710120464,0.05026941236068895,0.14268232973094672,1440,1287.03,1210.0,1341.78,1178.29,1254.275,55340.84,,853,0,5466
2018-03-01,0.15261183589812008,0.05729898564905415,0.10495541077358712,1440,1200.33,1285.01,1303.12,1189.7,1244.54,39078.61,,853,0,5488
2018-03-08,0.12598142692939246,0.07625242528735633,0.10111692610837437,1440,1095.21,1033.96,1116.18,997.27,1060.655,51525.31,,853,0,5508
2018-03-15,0.10820869736324282,0.08580013774104682,0.09700441755214481,1440,950.28,939.68,955.7,874.63,930.0725,50170.39,,853,0,5527
2018-03-22,0.17097110632183912,0.051332438610240345,0.11115177246603974,1440,1031.75,1015.19,1065.19,987.44,1024.8925,37921.37,,853,0,5548
2018-03-29,0.12748465646258508,0.17320384333127192,0.15034424989692852,1440,861.16,711.13,869.29,696.55,784.5325,111162.53,,853,0,5569
2018-04-05,0.16603971968172668,0.14013072769953047,0.15308522369062863,1440,651.53,644.1,659.23,620.7,643.89,37585.5,,853,0,5590
2018-04-12,0.14266287008011141,0.14406032840722485,0.14336159924366815,1440,670.06,737.84,740.82,658.67,701.8475,84689.75,,853,0,5612
2018-04-19,0.18550199929971992,0.1083927123773486,0.14694735583853424,1440,895.68,966.63,984.53,879.9,931.685,87498.52,,853,0,5634
2018-04-26,0.13291835275835276,0.12115014264678603,0.12703424770256938,1440,1289.86,1421.87,1425.93,1244.39,1345.5125,130722.16,,853,0,5654
2018-05-03,0.170746268873403,0.19624752549124141,0.18349689718232215,1440,1457.08,1507.36,1539.89,1448.82,1488.2875,112138.08,,853,0,5676
2018-05-10,0.10860914414414416,0.12834969594594592,0.11847942004504501,1440,1626.74,1519.84,1665.05,1508.8,1580.1075,84518.07,,853,0,5696
2018-05-17,0.2186595531135531,0.16401343589743586,0.19133649450549448,1440,1280.11,1192.88,1344.04,1166.47,1245.875,85008.97,,853,0,5709
2018-05-24,0.2079419543650794,0.10331701388888889,0.15562948412698413,1440,994.24,1073.9,1080.37,945.77,1023.57,107273.58,,853,0,5716
2018-05-31,0.180331973052787,0.121862526762643,0.15109724990771495,1440,982.87,996.48,1030.98,972.61,995.735,73819.13,,853,0,5723
2018-06-07,0.24491402912621363,0.1871890429958391,0.21605153606102637,1440,1129.12,1144.55,1168.69,1127.44,1142.45,59615.07,,853,0,5730
2018-06-14,0.17175385304659493,0.1282884946236559,0.1500211738351254,1440,842.82,895.36,907.66,828.39,868.5575,81167.3,,853,0,5737
2018-06-21,0.16924310524209685,0.10204725490196076,0.13564518007202878,1440,891.94,871.58,906.02,866.92,884.115,33592.31,,853,0,5744
2018-06-28,0.3345987223639454,0.10702581845238095,0.22081227040816312,1440,713.38,658.97,723.04,649.51,686.225,58376.43,,853,0,5751
2018-07-05,0.1462900362318841,0.12633877415458938,0.13631440519323673,1440,763.41,743.02,785.72,715.54,751.9225,77569.19,,853,0,5758
2018-07-12,0.1790350972222222,0.17572598611111107,0.17738054166666678,1440,707.1,686.84,707.1,662.77,690.9525,50127.36,,853,0,5765
2018-07-19,0.14462989999999995,0.11924501666666666,0.13193745833333334,1440,824.39,824.27,844.48,805.62,824.69,49603.76,,853,0,5772
2018-07-26,0.20561900584795326,0.04884575292397661,0.12723237938596493,1440,831.23,804.03,860.96,791.51,821.9325,44927.98,,853,0,5779
2018-08-02,0.12852285919540232,0.07175862068965518,0.10014073994252874,1440,767.83,731.03,773.23,722.8,748.7225,27572.15,,853,0,5786
2018-08-09,0.11493532380952384,0.09655755809523811,0.10574644095238087,1440,588.63,608.95,620.44,577.64,598.915,49767.56,,853,0,5793
2018-08-16,0.13942244094488188,0.08116954943132108,0.11029599518810153,1440,511.19,516.12,538.0,504.13,517.36,52859.45,,853,0,5800
2018-08-23,0.15095325892857145,0.0625592857142857,0.10675627232142862,1440,518.46,529.91,534.03,513.52,523.98,27032.26,,853,0,5807
2018-08-30,0.08205139949109418,0.07154006543075245,0.07679573246092329,1440,554.53,538.73,557.07,525.82,544.0375,30645.53,,853,0,5814
2018-09-06,0.14531172932330824,0.012478184523809518,0.07889495692355893,1440,526.8,519.43,529.02,486.88,515.5325,93257.9,,853,0,5821
2018-09-13,0.19031953533026108,-0.03507990207373272,0.0776198166282642,1440,431.73,463.72,475.94,431.25,450.66,76654.82,,853,0,5828
2018-09-20,0.1614625601374571,0.040129381443298966,0.10079597079037803,1440,429.8,456.12,467.35,423.46,444.1825,63097.99,,853,0,5835
2018-09-27,0.14600131592421917,-0.011020609318996425,0.0674903533026114,1440,514.23,566.03,588.72,513.06,545.51,241091.88,,853,0,5842
2018-10-04,0.27817910052910044,0.07631507936507936,0.17724708994708993,1440,516.31,513.69,531.22,507.85,517.2675,38156.99,,853,0,5849
2018-10-11,0.1779310101010101,0.09211767676767676,0.13502434343434344,1440,513.62,431.47,513.72,426.46,471.3175,128583.73,,853,0,5856
2018-10-18,0.1004538812392427,0.031535742971887555,0.0659948121055651,1440,450.87,439.55,459.2,432.65,445.5675,50827.65,,853,0,5863
2018-10-25,0.1801589506172839,0.07889259259259257,0.12952577160493825,1440,444.95,442.73,448.28,441.51,444.3675,16930.17,,853,0,5870
2018-11-01,0.17714567275747506,0.030244089147286823,0.10369488095238097,1440,425.36,425.0,426.51,421.98,424.7125,14770.26,,853,0,5877
2018-11-08,0.1506164408866995,0.08645660919540232,0.11853652504105092,1440,618.32,576.75,622.26,573.4,597.6825,145760.55,,853,0,5884
2018-11-15,0.04317329451659455,0.028603962962962963,0.03588862873977873,1440,444.07,381.98,460.79,264.84,387.92,178797.94,,853,0,5891
2018-11-22,0.05019279365079367,0.0023157142857142855,0.026254253968253975,1440,258.19,250.22,269.87,246.31,256.1475,1825.29,,853,0,5898
2018-11-29,0.1988818002322881,-0.0011012195121951219,0.09889029036004646,1440,222.57,208.28,224.04,198.29,213.295,1310.67,,853,0,5905
2018-12-06,0.1571838825757576,0.014983522727272726,0.08608370265151517,1440,151.42,119.77,162.78,114.26,137.0575,1883.42,,853,0,5912
2018-12-13,0.2035205938697318,0.013957471264367818,0.10873903256704981,1440,97.03,87.11,97.22,86.4,91.94,33919.33,,853,0,5919
2018-12-20,0.2736625603864734,0.004341304347826088,0.13900193236714972,1440,126.63,192.61,212.69,124.06,163.9975,467405.85,,853,0,5926
2018-12-27,0.15305166666666667,0.0561376811594203,0.10459467391304349,1440,175.68,148.46,178.13,145.92,162.0475,122997.84,,853,0,5933
2019-01-03,0.1155258620689655,0.035642241379310345,0.07558405172413794,1440,171.7,160.99,177.08,156.6,166.5925,69988.31,,853,0,5940
2019-01-10,0.23039181547619053,0.009014880952380951,0.11970334821428574,1440,160.44,134.23,165.73,130.38,147.695,174762.69,,853,0,5947
2019-01-17,0.24108819444444451,0.03008541666666667,0.13558680555555558,1440,128.31,130.28,131.81,124.92,128.83,38777.17,,853,0,5954
2019-01-24,0.09590263157894738,-0.005039473684210527,0.04543157894736842,1440,132.11,129.45,132.17,126.64,130.0925,37765.57,,853,0,5961
2019-01-31,0.16915436507936504,0.006974999999999999,0.08806468253968253,1440,117.27,113.59,120.99,112.79,116.16,54029.45,,853,0,5968
2019-02-07,0.19108061224489795,0.0,0.09554030612244897,1440,114.18,114.89,116.82,113.34,114.8075,29973.87,,853,0,5975
2019-02-14,0.151835,0.0192925,0.08556375000000001,1440,121.72,120.67,123.6,119.15,121.285,65060.42,,853,0,5982
2019-02-21,0.22188484848484855,0.0,0.11094242424242427,1440,147.14,141.7,147.87,139.09,143.95,66190.29,,853,0,5989
2019-02-28,0.2512694444444444,0.15695000000000003,0.20410972222222223,1440,131.19,130.17,133.51,128.7,130.8925,62905.8,,853,0,5996
2019-03-07,0.17840185185185187,0.04567083333333332,0.1120363425925926,1440,131.77,131.11,133.48,129.68,131.51,29790.84,,853,0,6003
2019-03-14,0.36085312500000005,0.0032166666666666667,0.18203489583333332,1440,127.97,132.44,135.16,127.59,130.79,79734.48,,853,0,16526
2019-03-21,-0.01925112403100776,0.005386046511627908,-0.006932538759689934,1440,159.97,159.67,160.32,158.49,159.6125,5130.04,,853,0,25284
2019-03-28,0.15242959770114944,0.19159702380952384,0.17201331075533657,1440,171.34,168.84,171.34,166.46,169.495,51082.98,,853,0,37059
2019-04-04,0.14639935064935067,0.14954052910052912,0.1479699398749399,1440,302.52,299.01,302.52,299.01,300.765,0.0,,853,0,45817
2019-04-11,0.10662149350649353,0.14707916048237477,0.12685032699443408,1440,305.06,274.04,305.8,256.19,285.2725,236354.67,,853,0,57542
2019-04-18,0.04551106557377051,0.07427377049180327,0.0598924180327869,1440,310.49,311.41,311.41,310.49,310.95,0.0,,853,0,66240
2019-04-25,0.2729090238095238,0.008934285714285718,0.14092165476190477,1440,279.33,264.42,284.67,259.51,271.9825,117132.2,,853,0,77959
2019-05-02,0.17659583333333337,0.0,0.08829791666666668,1440,272.78,272.51,272.78,272.51,272.645,0.0,,853,0,86736
2019-05-09,0.1025185388127854,0.0,0.0512592694063927,1440,287.54,284.79,294.17,276.73,285.8075,98130.06,,853,0,98459
2019-05-16,0.26850663265306124,0.0,0.13425331632653062,1440,405.46,404.27,405.46,404.27,404.865,0.0,,853,0,107239
2019-05-23,0.04635801282051282,0.0,0.02317900641025641,1440,387.71,403.67,408.32,368.04,391.935,129356.33,,853,0,118952
2019-05-30,0.23041529459241325,-0.00708728813559322,0.11166400322840998,1440,456.69,424.27,482.51,402.17,441.41,237161.79,,853,0,129177
2019-06-06,0.33498888888888895,0.02573611111111111,0.18036249999999998,1440,397.48,398.21,402.24,369.51,391.86,91245.92,,853,0,139432
2019-06-13,0.22061429131652655,0.0,0.11030714565826327,1440,397.11,411.74,424.67,395.33,407.2125,119127.5,,853,0,149700
2019-06-20,0.14631597930460058,0.0,0.07315798965230029,1440,416.59,413.5,418.09,404.95,413.2825,42294.27,,853,0,158494
2019-06-27,0.17988666526586056,0.057914212328767124,0.11890043879731386,1440,481.92,412.17,490.34,385.05,442.37,260239.79,,853,0,168784
2019-07-04,0.16308179066361247,0.0698731543624161,0.1164774725130143,1440,421.99,398.38,423.07,398.19,410.4075,50702.18,,853,0,178998
2019-07-11,0.11551826161140442,0.05726892857142858,0.08639359509141653,1440,388.88,340.25,389.19,314.86,358.295,267740.45,,853,0,189255
2019-07-18,0.17744261043944792,0.16133516233766237,0.16938888638855515,1440,292.19,316.28,322.0,284.36,303.7075,227758.28,,853,0,199462
2019-07-25,0.16090200180195044,0.09207882222222225,0.12649041201208636,1440,302.63,303.09,311.76,294.77,303.0625,167767.21,,853,0,209756
2019-08-01,0.13643233935185362,0.08852279569892472,0.11247756752538915,1440,329.03,329.18,331.89,318.68,327.195,105665.29,,853,0,219441
2019-08-08,0.11821212652784767,0.07815382165605098,0.09818297409194934,1440,338.43,331.95,339.4,326.32,334.025,123270.21,,853,0,230277
2019-08-15,-0.01925,0.4258854838709677,0.20331774193548385,1440,311.1,314.01,322.46,268.41,303.995,249436.48,,853,0,240538
2019-08-22,0.14170567331903736,0.10713791946308723,0.12442179639106232,1440,303.64,312.03,315.67,294.14,306.37,100910.98,,853,0,250771
2019-08-29,0.12237009933899078,0.14263144654088047,0.13250077293993567,1440,292.44,279.91,292.46,276.02,285.2075,121213.56,,853,0,260998
2019-09-05,0.09789397638902628,0.06997137014314929,0.08393267326608775,1440,294.14,292.35,295.92,285.43,291.96,126744.76,,853,0,271269
2019-09-12,0.20630896762777345,0.10062173694779114,0.1534653522877823,1440,299.25,300.09,302.07,294.83,299.06,68755.75,,853,0,281546
2019-09-19,0.1663229878305591,0.07518122362869199,0.12075210572962551,1440,323.73,322.74,323.83,305.28,318.895,162275.55,,853,0,289337
2019-09-26,0.14118408732714657,0.06783201754385966,0.10450805243550311,1440,227.96,214.26,228.0,204.41,218.6575,392723.31,,853,0,299611
2019-10-03,0.1371609219789644,0.06484681790955378,0.10100386994425911,1440,225.04,222.68,225.55,216.8,222.5175,107668.85,,853,0,309849
2019-10-10,0.19163843737334316,0.03623099593495934,0.11393471665415125,1440,238.55,231.06,239.77,228.88,234.565,147428.58,,853,0,320089
2019-10-17,0.17697981100657917,0.07919101041666668,0.1280854107116229,1440,217.15,220.26,220.96,214.04,218.1025,93466.05,,853,0,330457
2019-10-24,0.15384441456853643,0.08735754273504275,0.12060097865178963,1440,210.17,212.39,217.66,206.26,211.62,145887.29,,853,0,340717
2019-10-31,0.1300696046848069,0.04957787037037038,0.08982373752758868,1440,288.72,281.98,293.11,269.54,283.3375,311462.92,,853,0,350967
2019-11-07,0.171167804001554,0.09524187499999999,0.13320483950077697,1440,305.42,291.9,306.2,286.81,297.5825,214412.43,,853,0,361226
2019-11-14,0.1613915428080127,0.03601804166666668,0.09870479223733968,1440,285.35,277.68,286.26,273.19,280.62,139452.43,,853,0,371490
2019-11-21,0.1756333980111066,0.04557327044025157,0.11060333422567907,1440,243.32,226.12,246.92,220.46,234.205,220516.63,,853,0,381726
2019-11-28,0.18953111447664805,0.10281384146341464,0.14617247797003136,1440,219.52,217.08,222.22,216.79,218.9025,105293.39,,853,0,391977
2019-12-05,0.1628149999999999,0.03331594936708861,0.09806547468354426,1440,207.66,211.66,214.46,205.37,209.7875,163462.99,,853,0,1003974
2019-12-12,0.15157251572327043,0.05455974842767296,0.1030661320754717,1440,207.09,206.67,208.0,204.06,206.455,77108.05,,853,0,1025567
2019-12-19,0.1575717901234567,0.03337222222222223,0.09547200617283946,1440,188.88,186.2,190.8,183.52,187.35,208658.39,,853,0,1046914
2019-12-26,0.16823377622377622,0.05845244755244756,0.11334311188811194,1440,185.29,187.81,194.55,184.09,187.935,90776.18,,853,0,1068398
2020-01-02,0.1491072222222223,0.1010878472222222,0.12509753472222218,1440,204.37,195.45,205.47,192.98,199.5675,130820.42,,853,0,1089799
2020-01-09,0.22582427586206896,0.14399517241379312,0.18490972413793103,1440,240.07,237.99,243.86,231.48,238.35,219758.33,,853,0,1111337
2020-01-16,0.15404125786163525,0.2257566666666668,0.18989896226415084,1440,340.11,328.19,342.77,310.04,330.2775,390997.23,,853,0,1132903
2020-01-23,0.09514723926380368,0.10885754601226996,0.10200239263803682,1440,348.83,325.25,350.0,316.67,335.1875,246791.53,,853,0,1154505
2020-01-30,0.15879341772151886,0.10448917721518983,0.13164129746835443,1440,379.97,393.55,398.85,371.63,386.0,319912.64,,853,0,1176116
2020-02-06,0.1776469798657718,0.0849642953020134,0.1313056375838926,1440,445.01,438.67,447.88,418.66,437.555,324878.56,,853,0,1197532
2020-02-13,0.15772000000000003,0.04989935897435898,0.1038096794871795,1440,474.14,476.91,484.76,459.3,473.7775,242792.99,,853,0,1218961
2020-02-20,0.13010165605095547,0.035250764331210195,0.08267621019108283,1440,379.17,372.67,387.16,355.19,373.5475,274686.55,,853,0,1240407
2020-02-27,0.13449379999999997,0.09293466666666665,0.11371423333333337,1440,316.96,324.56,335.42,307.33,321.0675,443964.37,,853,0,1261859
2020-03-05,0.2012681818181818,0.055852727272727276,0.12856045454545453,1440,319.55,333.94,343.37,319.55,329.1025,226337.08,,853,0,1283082
